age,year,unit,season,area,iter,data
1,1,unique,1,unique,1,0
2,1,unique,1,unique,1,0
3,1,unique,1,unique,1,0
4,1,unique,1,unique,1,0
5,1,unique,1,unique,1,0
6,1,unique,1,unique,1,0
7,1,unique,1,unique,1,0
8,1,unique,1,unique,1,0
9,1,unique,1,unique,1,0
10,1,unique,1,unique,1,30993.63912
11,1,unique,1,unique,1,27894.27521
12,1,unique,1,unique,1,25104.84769
13,1,unique,1,unique,1,22594.36292
14,1,unique,1,unique,1,20334.92663
15,1,unique,1,unique,1,18301.43396
16,1,unique,1,unique,1,16471.29057
17,1,unique,1,unique,1,14824.16151
18,1,unique,1,unique,1,13341.74536
19,1,unique,1,unique,1,12007.57082
20,1,unique,1,unique,1,10806.81374
21,1,unique,1,unique,1,9726.132367
22,1,unique,1,unique,1,8753.519131
23,1,unique,1,unique,1,7878.167217
24,1,unique,1,unique,1,7090.350496
25,1,unique,1,unique,1,6381.315446
26,1,unique,1,unique,1,5743.183902
27,1,unique,1,unique,1,5168.865511
28,1,unique,1,unique,1,4651.97896
29,1,unique,1,unique,1,4186.781064
30,1,unique,1,unique,1,3768.102958
31,1,unique,1,unique,1,3391.292662
32,1,unique,1,unique,1,3052.163396
33,1,unique,1,unique,1,2746.947056
34,1,unique,1,unique,1,2472.252351
35,1,unique,1,unique,1,2225.027116
36,1,unique,1,unique,1,2002.524404
37,1,unique,1,unique,1,1802.271964
38,1,unique,1,unique,1,1622.044767
39,1,unique,1,unique,1,1459.840291
40,1,unique,1,unique,1,1313.856261
