age,year,unit,season,area,iter,data
1,1,1,1,unique,1,0
2,1,1,1,unique,1,0
3,1,1,1,unique,1,0
4,1,1,1,unique,1,0
5,1,1,1,unique,1,0
6,1,1,1,unique,1,0
7,1,1,1,unique,1,0
8,1,1,1,unique,1,0
9,1,1,1,unique,1,0
10,1,1,1,unique,1,0
11,1,1,1,unique,1,0
12,1,1,1,unique,1,0
13,1,1,1,unique,1,0
14,1,1,1,unique,1,0
15,1,1,1,unique,1,0
16,1,1,1,unique,1,0
17,1,1,1,unique,1,0
18,1,1,1,unique,1,0
19,1,1,1,unique,1,0
20,1,1,1,unique,1,0
21,1,1,1,unique,1,0
22,1,1,1,unique,1,0
23,1,1,1,unique,1,0
24,1,1,1,unique,1,0
25,1,1,1,unique,1,0
26,1,1,1,unique,1,0
27,1,1,1,unique,1,0
28,1,1,1,unique,1,0
29,1,1,1,unique,1,0
30,1,1,1,unique,1,0
31,1,1,1,unique,1,0
32,1,1,1,unique,1,0
33,1,1,1,unique,1,0
34,1,1,1,unique,1,0
35,1,1,1,unique,1,0
36,1,1,1,unique,1,0
37,1,1,1,unique,1,0
38,1,1,1,unique,1,0
39,1,1,1,unique,1,0
40,1,1,1,unique,1,0
