param,year,unit,season,area,iter,data
a,1,unique,1,unique,1,7800000
a,2,unique,1,unique,1,7800000
a,3,unique,1,unique,1,7800000
a,4,unique,1,unique,1,7800000
a,5,unique,1,unique,1,7800000
a,6,unique,1,unique,1,7800000
a,7,unique,1,unique,1,7800000
a,8,unique,1,unique,1,7800000
a,9,unique,1,unique,1,7800000
a,10,unique,1,unique,1,7800000
a,11,unique,1,unique,1,7800000
a,12,unique,1,unique,1,7800000
a,13,unique,1,unique,1,7800000
a,14,unique,1,unique,1,7800000
a,15,unique,1,unique,1,7800000
a,16,unique,1,unique,1,7800000
a,17,unique,1,unique,1,7800000
a,18,unique,1,unique,1,7800000
a,19,unique,1,unique,1,7800000
a,20,unique,1,unique,1,7800000
a,21,unique,1,unique,1,7800000
a,22,unique,1,unique,1,7800000
a,23,unique,1,unique,1,7800000
a,24,unique,1,unique,1,7800000
a,25,unique,1,unique,1,7800000
a,26,unique,1,unique,1,7800000
a,27,unique,1,unique,1,7800000
a,28,unique,1,unique,1,7800000
a,29,unique,1,unique,1,7800000
a,30,unique,1,unique,1,7800000
a,31,unique,1,unique,1,7800000
a,32,unique,1,unique,1,7800000
a,33,unique,1,unique,1,7800000
a,34,unique,1,unique,1,7800000
a,35,unique,1,unique,1,7800000
a,36,unique,1,unique,1,7800000
a,37,unique,1,unique,1,7800000
a,38,unique,1,unique,1,7800000
a,39,unique,1,unique,1,7800000
a,40,unique,1,unique,1,7800000
a,41,unique,1,unique,1,7800000
a,42,unique,1,unique,1,7800000
a,43,unique,1,unique,1,7800000
a,44,unique,1,unique,1,7800000
a,45,unique,1,unique,1,7800000
a,46,unique,1,unique,1,7800000
a,47,unique,1,unique,1,7800000
a,48,unique,1,unique,1,7800000
a,49,unique,1,unique,1,7800000
a,50,unique,1,unique,1,7800000
a,51,unique,1,unique,1,7800000
a,52,unique,1,unique,1,7800000
a,53,unique,1,unique,1,7800000
a,54,unique,1,unique,1,7800000
a,55,unique,1,unique,1,7800000
a,56,unique,1,unique,1,7800000
a,57,unique,1,unique,1,7800000
a,58,unique,1,unique,1,7800000
a,59,unique,1,unique,1,7800000
a,60,unique,1,unique,1,7800000
a,61,unique,1,unique,1,7800000
a,62,unique,1,unique,1,7800000
a,63,unique,1,unique,1,7800000
a,64,unique,1,unique,1,7800000
a,65,unique,1,unique,1,7800000
a,66,unique,1,unique,1,7800000
a,67,unique,1,unique,1,7800000
a,68,unique,1,unique,1,7800000
a,69,unique,1,unique,1,7800000
a,70,unique,1,unique,1,7800000
a,71,unique,1,unique,1,7800000
a,72,unique,1,unique,1,7800000
a,73,unique,1,unique,1,7800000
a,74,unique,1,unique,1,7800000
a,75,unique,1,unique,1,7800000
a,76,unique,1,unique,1,7800000
a,77,unique,1,unique,1,7800000
a,78,unique,1,unique,1,7800000
a,79,unique,1,unique,1,7800000
a,80,unique,1,unique,1,7800000
a,81,unique,1,unique,1,7800000
a,82,unique,1,unique,1,7800000
a,83,unique,1,unique,1,7800000
a,84,unique,1,unique,1,7800000
a,85,unique,1,unique,1,7800000
a,86,unique,1,unique,1,7800000
a,87,unique,1,unique,1,7800000
a,88,unique,1,unique,1,7800000
a,89,unique,1,unique,1,7800000
a,90,unique,1,unique,1,7800000
a,91,unique,1,unique,1,7800000
a,92,unique,1,unique,1,7800000
a,93,unique,1,unique,1,7800000
a,94,unique,1,unique,1,7800000
a,95,unique,1,unique,1,7800000
a,96,unique,1,unique,1,7800000
a,97,unique,1,unique,1,7800000
a,98,unique,1,unique,1,7800000
a,99,unique,1,unique,1,7800000
a,100,unique,1,unique,1,7800000
