param,year,unit,season,area,iter,data
a,1,unique,1,unique,1,7800000
b,1,unique,1,unique,1,10
c,1,unique,1,unique,1,200
a,2,unique,1,unique,1,7800000
b,2,unique,1,unique,1,10
c,2,unique,1,unique,1,200
a,3,unique,1,unique,1,7800000
b,3,unique,1,unique,1,10
c,3,unique,1,unique,1,200
a,4,unique,1,unique,1,7800000
b,4,unique,1,unique,1,10
c,4,unique,1,unique,1,200
a,5,unique,1,unique,1,7800000
b,5,unique,1,unique,1,10
c,5,unique,1,unique,1,200
a,6,unique,1,unique,1,7800000
b,6,unique,1,unique,1,10
c,6,unique,1,unique,1,200
a,7,unique,1,unique,1,7800000
b,7,unique,1,unique,1,10
c,7,unique,1,unique,1,200
a,8,unique,1,unique,1,7800000
b,8,unique,1,unique,1,10
c,8,unique,1,unique,1,200
a,9,unique,1,unique,1,7800000
b,9,unique,1,unique,1,10
c,9,unique,1,unique,1,200
a,10,unique,1,unique,1,7800000
b,10,unique,1,unique,1,10
c,10,unique,1,unique,1,200
a,11,unique,1,unique,1,7800000
b,11,unique,1,unique,1,10
c,11,unique,1,unique,1,200
a,12,unique,1,unique,1,7800000
b,12,unique,1,unique,1,10
c,12,unique,1,unique,1,200
a,13,unique,1,unique,1,7800000
b,13,unique,1,unique,1,10
c,13,unique,1,unique,1,200
a,14,unique,1,unique,1,7800000
b,14,unique,1,unique,1,10
c,14,unique,1,unique,1,200
a,15,unique,1,unique,1,7800000
b,15,unique,1,unique,1,10
c,15,unique,1,unique,1,200
a,16,unique,1,unique,1,7800000
b,16,unique,1,unique,1,10
c,16,unique,1,unique,1,200
a,17,unique,1,unique,1,7800000
b,17,unique,1,unique,1,10
c,17,unique,1,unique,1,200
a,18,unique,1,unique,1,7800000
b,18,unique,1,unique,1,10
c,18,unique,1,unique,1,200
a,19,unique,1,unique,1,7800000
b,19,unique,1,unique,1,10
c,19,unique,1,unique,1,200
a,20,unique,1,unique,1,7800000
b,20,unique,1,unique,1,10
c,20,unique,1,unique,1,200
a,21,unique,1,unique,1,7800000
b,21,unique,1,unique,1,10
c,21,unique,1,unique,1,200
a,22,unique,1,unique,1,7800000
b,22,unique,1,unique,1,10
c,22,unique,1,unique,1,200
a,23,unique,1,unique,1,7800000
b,23,unique,1,unique,1,10
c,23,unique,1,unique,1,200
a,24,unique,1,unique,1,7800000
b,24,unique,1,unique,1,10
c,24,unique,1,unique,1,200
a,25,unique,1,unique,1,7800000
b,25,unique,1,unique,1,10
c,25,unique,1,unique,1,200
a,26,unique,1,unique,1,7800000
b,26,unique,1,unique,1,10
c,26,unique,1,unique,1,200
a,27,unique,1,unique,1,7800000
b,27,unique,1,unique,1,10
c,27,unique,1,unique,1,200
a,28,unique,1,unique,1,7800000
b,28,unique,1,unique,1,10
c,28,unique,1,unique,1,200
a,29,unique,1,unique,1,7800000
b,29,unique,1,unique,1,10
c,29,unique,1,unique,1,200
a,30,unique,1,unique,1,7800000
b,30,unique,1,unique,1,10
c,30,unique,1,unique,1,200
a,31,unique,1,unique,1,7800000
b,31,unique,1,unique,1,10
c,31,unique,1,unique,1,200
a,32,unique,1,unique,1,7800000
b,32,unique,1,unique,1,10
c,32,unique,1,unique,1,200
a,33,unique,1,unique,1,7800000
b,33,unique,1,unique,1,10
c,33,unique,1,unique,1,200
a,34,unique,1,unique,1,7800000
b,34,unique,1,unique,1,10
c,34,unique,1,unique,1,200
a,35,unique,1,unique,1,7800000
b,35,unique,1,unique,1,10
c,35,unique,1,unique,1,200
a,36,unique,1,unique,1,7800000
b,36,unique,1,unique,1,10
c,36,unique,1,unique,1,200
a,37,unique,1,unique,1,7800000
b,37,unique,1,unique,1,10
c,37,unique,1,unique,1,200
a,38,unique,1,unique,1,7800000
b,38,unique,1,unique,1,10
c,38,unique,1,unique,1,200
a,39,unique,1,unique,1,7800000
b,39,unique,1,unique,1,10
c,39,unique,1,unique,1,200
a,40,unique,1,unique,1,7800000
b,40,unique,1,unique,1,10
c,40,unique,1,unique,1,200
a,41,unique,1,unique,1,7800000
b,41,unique,1,unique,1,10
c,41,unique,1,unique,1,200
a,42,unique,1,unique,1,7800000
b,42,unique,1,unique,1,10
c,42,unique,1,unique,1,200
a,43,unique,1,unique,1,7800000
b,43,unique,1,unique,1,10
c,43,unique,1,unique,1,200
a,44,unique,1,unique,1,7800000
b,44,unique,1,unique,1,10
c,44,unique,1,unique,1,200
a,45,unique,1,unique,1,7800000
b,45,unique,1,unique,1,10
c,45,unique,1,unique,1,200
a,46,unique,1,unique,1,7800000
b,46,unique,1,unique,1,10
c,46,unique,1,unique,1,200
a,47,unique,1,unique,1,7800000
b,47,unique,1,unique,1,10
c,47,unique,1,unique,1,200
a,48,unique,1,unique,1,7800000
b,48,unique,1,unique,1,10
c,48,unique,1,unique,1,200
a,49,unique,1,unique,1,7800000
b,49,unique,1,unique,1,10
c,49,unique,1,unique,1,200
a,50,unique,1,unique,1,7800000
b,50,unique,1,unique,1,10
c,50,unique,1,unique,1,200
a,51,unique,1,unique,1,7800000
b,51,unique,1,unique,1,10
c,51,unique,1,unique,1,200
a,52,unique,1,unique,1,7800000
b,52,unique,1,unique,1,10
c,52,unique,1,unique,1,200
a,53,unique,1,unique,1,7800000
b,53,unique,1,unique,1,10
c,53,unique,1,unique,1,200
a,54,unique,1,unique,1,7800000
b,54,unique,1,unique,1,10
c,54,unique,1,unique,1,200
a,55,unique,1,unique,1,7800000
b,55,unique,1,unique,1,10
c,55,unique,1,unique,1,200
a,56,unique,1,unique,1,7800000
b,56,unique,1,unique,1,10
c,56,unique,1,unique,1,200
a,57,unique,1,unique,1,7800000
b,57,unique,1,unique,1,10
c,57,unique,1,unique,1,200
a,58,unique,1,unique,1,7800000
b,58,unique,1,unique,1,10
c,58,unique,1,unique,1,200
a,59,unique,1,unique,1,7800000
b,59,unique,1,unique,1,10
c,59,unique,1,unique,1,200
a,60,unique,1,unique,1,7800000
b,60,unique,1,unique,1,10
c,60,unique,1,unique,1,200
a,61,unique,1,unique,1,7800000
b,61,unique,1,unique,1,10
c,61,unique,1,unique,1,200
a,62,unique,1,unique,1,7800000
b,62,unique,1,unique,1,10
c,62,unique,1,unique,1,200
a,63,unique,1,unique,1,7800000
b,63,unique,1,unique,1,10
c,63,unique,1,unique,1,200
a,64,unique,1,unique,1,7800000
b,64,unique,1,unique,1,10
c,64,unique,1,unique,1,200
a,65,unique,1,unique,1,7800000
b,65,unique,1,unique,1,10
c,65,unique,1,unique,1,200
a,66,unique,1,unique,1,7800000
b,66,unique,1,unique,1,10
c,66,unique,1,unique,1,200
a,67,unique,1,unique,1,7800000
b,67,unique,1,unique,1,10
c,67,unique,1,unique,1,200
a,68,unique,1,unique,1,7800000
b,68,unique,1,unique,1,10
c,68,unique,1,unique,1,200
a,69,unique,1,unique,1,7800000
b,69,unique,1,unique,1,10
c,69,unique,1,unique,1,200
a,70,unique,1,unique,1,7800000
b,70,unique,1,unique,1,10
c,70,unique,1,unique,1,200
a,71,unique,1,unique,1,7800000
b,71,unique,1,unique,1,10
c,71,unique,1,unique,1,200
a,72,unique,1,unique,1,7800000
b,72,unique,1,unique,1,10
c,72,unique,1,unique,1,200
a,73,unique,1,unique,1,7800000
b,73,unique,1,unique,1,10
c,73,unique,1,unique,1,200
a,74,unique,1,unique,1,7800000
b,74,unique,1,unique,1,10
c,74,unique,1,unique,1,200
a,75,unique,1,unique,1,7800000
b,75,unique,1,unique,1,10
c,75,unique,1,unique,1,200
a,76,unique,1,unique,1,7800000
b,76,unique,1,unique,1,10
c,76,unique,1,unique,1,200
a,77,unique,1,unique,1,7800000
b,77,unique,1,unique,1,10
c,77,unique,1,unique,1,200
a,78,unique,1,unique,1,7800000
b,78,unique,1,unique,1,10
c,78,unique,1,unique,1,200
a,79,unique,1,unique,1,7800000
b,79,unique,1,unique,1,10
c,79,unique,1,unique,1,200
a,80,unique,1,unique,1,7800000
b,80,unique,1,unique,1,10
c,80,unique,1,unique,1,200
a,81,unique,1,unique,1,7800000
b,81,unique,1,unique,1,10
c,81,unique,1,unique,1,200
a,82,unique,1,unique,1,7800000
b,82,unique,1,unique,1,10
c,82,unique,1,unique,1,200
a,83,unique,1,unique,1,7800000
b,83,unique,1,unique,1,10
c,83,unique,1,unique,1,200
a,84,unique,1,unique,1,7800000
b,84,unique,1,unique,1,10
c,84,unique,1,unique,1,200
a,85,unique,1,unique,1,7800000
b,85,unique,1,unique,1,10
c,85,unique,1,unique,1,200
a,86,unique,1,unique,1,7800000
b,86,unique,1,unique,1,10
c,86,unique,1,unique,1,200
a,87,unique,1,unique,1,7800000
b,87,unique,1,unique,1,10
c,87,unique,1,unique,1,200
a,88,unique,1,unique,1,7800000
b,88,unique,1,unique,1,10
c,88,unique,1,unique,1,200
a,89,unique,1,unique,1,7800000
b,89,unique,1,unique,1,10
c,89,unique,1,unique,1,200
a,90,unique,1,unique,1,7800000
b,90,unique,1,unique,1,10
c,90,unique,1,unique,1,200
a,91,unique,1,unique,1,7800000
b,91,unique,1,unique,1,10
c,91,unique,1,unique,1,200
a,92,unique,1,unique,1,7800000
b,92,unique,1,unique,1,10
c,92,unique,1,unique,1,200
a,93,unique,1,unique,1,7800000
b,93,unique,1,unique,1,10
c,93,unique,1,unique,1,200
a,94,unique,1,unique,1,7800000
b,94,unique,1,unique,1,10
c,94,unique,1,unique,1,200
a,95,unique,1,unique,1,7800000
b,95,unique,1,unique,1,10
c,95,unique,1,unique,1,200
a,96,unique,1,unique,1,7800000
b,96,unique,1,unique,1,10
c,96,unique,1,unique,1,200
a,97,unique,1,unique,1,7800000
b,97,unique,1,unique,1,10
c,97,unique,1,unique,1,200
a,98,unique,1,unique,1,7800000
b,98,unique,1,unique,1,10
c,98,unique,1,unique,1,200
a,99,unique,1,unique,1,7800000
b,99,unique,1,unique,1,10
c,99,unique,1,unique,1,200
a,100,unique,1,unique,1,7800000
b,100,unique,1,unique,1,10
c,100,unique,1,unique,1,200
