age,year,unit,season,area,iter,data
all,1,1,1,unique,1,1
all,2,1,1,unique,1,1
all,3,1,1,unique,1,1
all,4,1,1,unique,1,1
all,5,1,1,unique,1,1
all,6,1,1,unique,1,1
all,7,1,1,unique,1,1
all,8,1,1,unique,1,1
all,9,1,1,unique,1,1
all,10,1,1,unique,1,1
all,11,1,1,unique,1,1
all,12,1,1,unique,1,1
all,13,1,1,unique,1,1
all,14,1,1,unique,1,1
all,15,1,1,unique,1,1
all,16,1,1,unique,1,1
all,17,1,1,unique,1,1
all,18,1,1,unique,1,1
all,19,1,1,unique,1,1
all,20,1,1,unique,1,1
all,21,1,1,unique,1,1
all,22,1,1,unique,1,1
all,23,1,1,unique,1,1
all,24,1,1,unique,1,1
all,25,1,1,unique,1,1
all,26,1,1,unique,1,1
all,27,1,1,unique,1,1
all,28,1,1,unique,1,1
all,29,1,1,unique,1,1
all,30,1,1,unique,1,1
all,31,1,1,unique,1,1
all,32,1,1,unique,1,1
all,33,1,1,unique,1,1
all,34,1,1,unique,1,1
all,35,1,1,unique,1,1
all,36,1,1,unique,1,1
all,37,1,1,unique,1,1
all,38,1,1,unique,1,1
all,39,1,1,unique,1,1
all,40,1,1,unique,1,1
all,41,1,1,unique,1,1
all,42,1,1,unique,1,1
all,43,1,1,unique,1,1
all,44,1,1,unique,1,1
all,45,1,1,unique,1,1
all,46,1,1,unique,1,1
all,47,1,1,unique,1,1
all,48,1,1,unique,1,1
all,49,1,1,unique,1,1
all,50,1,1,unique,1,1
all,51,1,1,unique,1,1
all,52,1,1,unique,1,1
all,53,1,1,unique,1,1
all,54,1,1,unique,1,1
all,55,1,1,unique,1,1
all,56,1,1,unique,1,1
all,57,1,1,unique,1,1
all,58,1,1,unique,1,1
all,59,1,1,unique,1,1
all,60,1,1,unique,1,1
all,61,1,1,unique,1,1
all,62,1,1,unique,1,1
all,63,1,1,unique,1,1
all,64,1,1,unique,1,1
all,65,1,1,unique,1,1
all,66,1,1,unique,1,1
all,67,1,1,unique,1,1
all,68,1,1,unique,1,1
all,69,1,1,unique,1,1
all,70,1,1,unique,1,1
all,71,1,1,unique,1,1
all,72,1,1,unique,1,1
all,73,1,1,unique,1,1
all,74,1,1,unique,1,1
all,75,1,1,unique,1,1
all,76,1,1,unique,1,1
all,77,1,1,unique,1,1
all,78,1,1,unique,1,1
all,79,1,1,unique,1,1
all,80,1,1,unique,1,1
all,81,1,1,unique,1,1
all,82,1,1,unique,1,1
all,83,1,1,unique,1,1
all,84,1,1,unique,1,1
all,85,1,1,unique,1,1
all,86,1,1,unique,1,1
all,87,1,1,unique,1,1
all,88,1,1,unique,1,1
all,89,1,1,unique,1,1
all,90,1,1,unique,1,1
all,91,1,1,unique,1,1
all,92,1,1,unique,1,1
all,93,1,1,unique,1,1
all,94,1,1,unique,1,1
all,95,1,1,unique,1,1
all,96,1,1,unique,1,1
all,97,1,1,unique,1,1
all,98,1,1,unique,1,1
all,99,1,1,unique,1,1
all,100,1,1,unique,1,1
