fleet,year,unit,season,area,iter,data
fl1,1,unique,all,unique,1,1.00E+04
fl1,2,unique,all,unique,1,1.00E+04
fl1,3,unique,all,unique,1,1.00E+04
fl1,4,unique,all,unique,1,1.00E+04
fl1,5,unique,all,unique,1,1.00E+04
fl1,6,unique,all,unique,1,1.00E+04
fl1,7,unique,all,unique,1,1.00E+04
fl1,8,unique,all,unique,1,1.00E+04
fl1,9,unique,all,unique,1,1.00E+04
fl1,10,unique,all,unique,1,1.00E+04
fl1,11,unique,all,unique,1,1.00E+04
fl1,12,unique,all,unique,1,1.00E+04
fl1,13,unique,all,unique,1,1.00E+04
fl1,14,unique,all,unique,1,1.00E+04
fl1,15,unique,all,unique,1,1.00E+04
fl1,16,unique,all,unique,1,1.00E+04
fl1,17,unique,all,unique,1,1.00E+04
fl1,18,unique,all,unique,1,1.00E+04
fl1,19,unique,all,unique,1,1.00E+04
fl1,20,unique,all,unique,1,1.00E+04
fl1,21,unique,all,unique,1,1.00E+04
fl1,22,unique,all,unique,1,1.00E+04
fl1,23,unique,all,unique,1,1.00E+04
fl1,24,unique,all,unique,1,1.00E+04
fl1,25,unique,all,unique,1,1.00E+04
fl1,26,unique,all,unique,1,1.00E+04
fl1,27,unique,all,unique,1,1.00E+04
fl1,28,unique,all,unique,1,1.00E+04
fl1,29,unique,all,unique,1,1.00E+04
fl1,30,unique,all,unique,1,1.00E+04
fl1,31,unique,all,unique,1,1.00E+04
fl1,32,unique,all,unique,1,1.00E+04
fl1,33,unique,all,unique,1,1.00E+04
fl1,34,unique,all,unique,1,1.00E+04
fl1,35,unique,all,unique,1,1.00E+04
fl1,36,unique,all,unique,1,1.00E+04
fl1,37,unique,all,unique,1,1.00E+04
fl1,38,unique,all,unique,1,1.00E+04
fl1,39,unique,all,unique,1,1.00E+04
fl1,40,unique,all,unique,1,1.00E+04
fl1,41,unique,all,unique,1,1.00E+04
fl1,42,unique,all,unique,1,1.00E+04
fl1,43,unique,all,unique,1,1.00E+04
fl1,44,unique,all,unique,1,1.00E+04
fl1,45,unique,all,unique,1,1.00E+04
fl1,46,unique,all,unique,1,1.00E+04
fl1,47,unique,all,unique,1,1.00E+04
fl1,48,unique,all,unique,1,1.00E+04
fl1,49,unique,all,unique,1,1.00E+04
fl1,50,unique,all,unique,1,1.00E+04
fl1,51,unique,all,unique,1,1.00E+04
fl1,52,unique,all,unique,1,1.00E+04
fl1,53,unique,all,unique,1,1.00E+04
fl1,54,unique,all,unique,1,1.00E+04
fl1,55,unique,all,unique,1,1.00E+04
fl1,56,unique,all,unique,1,1.00E+04
fl1,57,unique,all,unique,1,1.00E+04
fl1,58,unique,all,unique,1,1.00E+04
fl1,59,unique,all,unique,1,1.00E+04
fl1,60,unique,all,unique,1,1.00E+04
fl1,61,unique,all,unique,1,1.00E+04
fl1,62,unique,all,unique,1,1.00E+04
fl1,63,unique,all,unique,1,1.00E+04
fl1,64,unique,all,unique,1,1.00E+04
fl1,65,unique,all,unique,1,1.00E+04
fl1,66,unique,all,unique,1,1.00E+04
fl1,67,unique,all,unique,1,1.00E+04
fl1,68,unique,all,unique,1,1.00E+04
fl1,69,unique,all,unique,1,1.00E+04
fl1,70,unique,all,unique,1,1.00E+04
fl1,71,unique,all,unique,1,1.00E+04
fl1,72,unique,all,unique,1,1.00E+04
fl1,73,unique,all,unique,1,1.00E+04
fl1,74,unique,all,unique,1,1.00E+04
fl1,75,unique,all,unique,1,1.00E+04
fl1,76,unique,all,unique,1,1.00E+04
fl1,77,unique,all,unique,1,1.00E+04
fl1,78,unique,all,unique,1,1.00E+04
fl1,79,unique,all,unique,1,1.00E+04
fl1,80,unique,all,unique,1,1.00E+04
fl1,81,unique,all,unique,1,1.00E+04
fl1,82,unique,all,unique,1,1.00E+04
fl1,83,unique,all,unique,1,1.00E+04
fl1,84,unique,all,unique,1,1.00E+04
fl1,85,unique,all,unique,1,1.00E+04
fl1,86,unique,all,unique,1,1.00E+04
fl1,87,unique,all,unique,1,1.00E+04
fl1,88,unique,all,unique,1,1.00E+04
fl1,89,unique,all,unique,1,1.00E+04
fl1,90,unique,all,unique,1,1.00E+04
fl1,91,unique,all,unique,1,1.00E+04
fl1,92,unique,all,unique,1,1.00E+04
fl1,93,unique,all,unique,1,1.00E+04
fl1,94,unique,all,unique,1,1.00E+04
fl1,95,unique,all,unique,1,1.00E+04
fl1,96,unique,all,unique,1,1.00E+04
fl1,97,unique,all,unique,1,1.00E+04
fl1,98,unique,all,unique,1,1.00E+04
fl1,99,unique,all,unique,1,1.00E+04
fl1,100,unique,all,unique,1,1.00E+04
