param,year,unit,season,area,iter,data
a,1,unique,1,unique,1,7800000
b,1,unique,1,unique,1,10
a,2,unique,1,unique,1,7800000
b,2,unique,1,unique,1,10
a,3,unique,1,unique,1,7800000
b,3,unique,1,unique,1,10
a,4,unique,1,unique,1,7800000
b,4,unique,1,unique,1,10
a,5,unique,1,unique,1,7800000
b,5,unique,1,unique,1,10
a,6,unique,1,unique,1,7800000
b,6,unique,1,unique,1,10
a,7,unique,1,unique,1,7800000
b,7,unique,1,unique,1,10
a,8,unique,1,unique,1,7800000
b,8,unique,1,unique,1,10
a,9,unique,1,unique,1,7800000
b,9,unique,1,unique,1,10
a,10,unique,1,unique,1,7800000
b,10,unique,1,unique,1,10
a,11,unique,1,unique,1,7800000
b,11,unique,1,unique,1,10
a,12,unique,1,unique,1,7800000
b,12,unique,1,unique,1,10
a,13,unique,1,unique,1,7800000
b,13,unique,1,unique,1,10
a,14,unique,1,unique,1,7800000
b,14,unique,1,unique,1,10
a,15,unique,1,unique,1,7800000
b,15,unique,1,unique,1,10
a,16,unique,1,unique,1,7800000
b,16,unique,1,unique,1,10
a,17,unique,1,unique,1,7800000
b,17,unique,1,unique,1,10
a,18,unique,1,unique,1,7800000
b,18,unique,1,unique,1,10
a,19,unique,1,unique,1,7800000
b,19,unique,1,unique,1,10
a,20,unique,1,unique,1,7800000
b,20,unique,1,unique,1,10
a,21,unique,1,unique,1,7800000
b,21,unique,1,unique,1,10
a,22,unique,1,unique,1,7800000
b,22,unique,1,unique,1,10
a,23,unique,1,unique,1,7800000
b,23,unique,1,unique,1,10
a,24,unique,1,unique,1,7800000
b,24,unique,1,unique,1,10
a,25,unique,1,unique,1,7800000
b,25,unique,1,unique,1,10
a,26,unique,1,unique,1,7800000
b,26,unique,1,unique,1,10
a,27,unique,1,unique,1,7800000
b,27,unique,1,unique,1,10
a,28,unique,1,unique,1,7800000
b,28,unique,1,unique,1,10
a,29,unique,1,unique,1,7800000
b,29,unique,1,unique,1,10
a,30,unique,1,unique,1,7800000
b,30,unique,1,unique,1,10
a,31,unique,1,unique,1,7800000
b,31,unique,1,unique,1,10
a,32,unique,1,unique,1,7800000
b,32,unique,1,unique,1,10
a,33,unique,1,unique,1,7800000
b,33,unique,1,unique,1,10
a,34,unique,1,unique,1,7800000
b,34,unique,1,unique,1,10
a,35,unique,1,unique,1,7800000
b,35,unique,1,unique,1,10
a,36,unique,1,unique,1,7800000
b,36,unique,1,unique,1,10
a,37,unique,1,unique,1,7800000
b,37,unique,1,unique,1,10
a,38,unique,1,unique,1,7800000
b,38,unique,1,unique,1,10
a,39,unique,1,unique,1,7800000
b,39,unique,1,unique,1,10
a,40,unique,1,unique,1,7800000
b,40,unique,1,unique,1,10
a,41,unique,1,unique,1,7800000
b,41,unique,1,unique,1,10
a,42,unique,1,unique,1,7800000
b,42,unique,1,unique,1,10
a,43,unique,1,unique,1,7800000
b,43,unique,1,unique,1,10
a,44,unique,1,unique,1,7800000
b,44,unique,1,unique,1,10
a,45,unique,1,unique,1,7800000
b,45,unique,1,unique,1,10
a,46,unique,1,unique,1,7800000
b,46,unique,1,unique,1,10
a,47,unique,1,unique,1,7800000
b,47,unique,1,unique,1,10
a,48,unique,1,unique,1,7800000
b,48,unique,1,unique,1,10
a,49,unique,1,unique,1,7800000
b,49,unique,1,unique,1,10
a,50,unique,1,unique,1,7800000
b,50,unique,1,unique,1,10
a,51,unique,1,unique,1,7800000
b,51,unique,1,unique,1,10
a,52,unique,1,unique,1,7800000
b,52,unique,1,unique,1,10
a,53,unique,1,unique,1,7800000
b,53,unique,1,unique,1,10
a,54,unique,1,unique,1,7800000
b,54,unique,1,unique,1,10
a,55,unique,1,unique,1,7800000
b,55,unique,1,unique,1,10
a,56,unique,1,unique,1,7800000
b,56,unique,1,unique,1,10
a,57,unique,1,unique,1,7800000
b,57,unique,1,unique,1,10
a,58,unique,1,unique,1,7800000
b,58,unique,1,unique,1,10
a,59,unique,1,unique,1,7800000
b,59,unique,1,unique,1,10
a,60,unique,1,unique,1,7800000
b,60,unique,1,unique,1,10
a,61,unique,1,unique,1,7800000
b,61,unique,1,unique,1,10
a,62,unique,1,unique,1,7800000
b,62,unique,1,unique,1,10
a,63,unique,1,unique,1,7800000
b,63,unique,1,unique,1,10
a,64,unique,1,unique,1,7800000
b,64,unique,1,unique,1,10
a,65,unique,1,unique,1,7800000
b,65,unique,1,unique,1,10
a,66,unique,1,unique,1,7800000
b,66,unique,1,unique,1,10
a,67,unique,1,unique,1,7800000
b,67,unique,1,unique,1,10
a,68,unique,1,unique,1,7800000
b,68,unique,1,unique,1,10
a,69,unique,1,unique,1,7800000
b,69,unique,1,unique,1,10
a,70,unique,1,unique,1,7800000
b,70,unique,1,unique,1,10
a,71,unique,1,unique,1,7800000
b,71,unique,1,unique,1,10
a,72,unique,1,unique,1,7800000
b,72,unique,1,unique,1,10
a,73,unique,1,unique,1,7800000
b,73,unique,1,unique,1,10
a,74,unique,1,unique,1,7800000
b,74,unique,1,unique,1,10
a,75,unique,1,unique,1,7800000
b,75,unique,1,unique,1,10
a,76,unique,1,unique,1,7800000
b,76,unique,1,unique,1,10
a,77,unique,1,unique,1,7800000
b,77,unique,1,unique,1,10
a,78,unique,1,unique,1,7800000
b,78,unique,1,unique,1,10
a,79,unique,1,unique,1,7800000
b,79,unique,1,unique,1,10
a,80,unique,1,unique,1,7800000
b,80,unique,1,unique,1,10
a,81,unique,1,unique,1,7800000
b,81,unique,1,unique,1,10
a,82,unique,1,unique,1,7800000
b,82,unique,1,unique,1,10
a,83,unique,1,unique,1,7800000
b,83,unique,1,unique,1,10
a,84,unique,1,unique,1,7800000
b,84,unique,1,unique,1,10
a,85,unique,1,unique,1,7800000
b,85,unique,1,unique,1,10
a,86,unique,1,unique,1,7800000
b,86,unique,1,unique,1,10
a,87,unique,1,unique,1,7800000
b,87,unique,1,unique,1,10
a,88,unique,1,unique,1,7800000
b,88,unique,1,unique,1,10
a,89,unique,1,unique,1,7800000
b,89,unique,1,unique,1,10
a,90,unique,1,unique,1,7800000
b,90,unique,1,unique,1,10
a,91,unique,1,unique,1,7800000
b,91,unique,1,unique,1,10
a,92,unique,1,unique,1,7800000
b,92,unique,1,unique,1,10
a,93,unique,1,unique,1,7800000
b,93,unique,1,unique,1,10
a,94,unique,1,unique,1,7800000
b,94,unique,1,unique,1,10
a,95,unique,1,unique,1,7800000
b,95,unique,1,unique,1,10
a,96,unique,1,unique,1,7800000
b,96,unique,1,unique,1,10
a,97,unique,1,unique,1,7800000
b,97,unique,1,unique,1,10
a,98,unique,1,unique,1,7800000
b,98,unique,1,unique,1,10
a,99,unique,1,unique,1,7800000
b,99,unique,1,unique,1,10
a,100,unique,1,unique,1,7800000
b,100,unique,1,unique,1,10
