stock,year,unit,season,area,iter,data
stk1,1,unique,all,unique,1,10000
stk1,2,unique,all,unique,1,10000
stk1,3,unique,all,unique,1,10000
stk1,4,unique,all,unique,1,10000
stk1,5,unique,all,unique,1,10000
stk1,6,unique,all,unique,1,10000
stk1,7,unique,all,unique,1,10000
stk1,8,unique,all,unique,1,10000
stk1,9,unique,all,unique,1,10000
stk1,10,unique,all,unique,1,10000
stk1,11,unique,all,unique,1,10000
stk1,12,unique,all,unique,1,10000
stk1,13,unique,all,unique,1,10000
stk1,14,unique,all,unique,1,10000
stk1,15,unique,all,unique,1,10000
stk1,16,unique,all,unique,1,10000
stk1,17,unique,all,unique,1,10000
stk1,18,unique,all,unique,1,10000
stk1,19,unique,all,unique,1,10000
stk1,20,unique,all,unique,1,10000
stk1,21,unique,all,unique,1,10000
stk1,22,unique,all,unique,1,10000
stk1,23,unique,all,unique,1,10000
stk1,24,unique,all,unique,1,10000
stk1,25,unique,all,unique,1,10000
stk1,26,unique,all,unique,1,10000
stk1,27,unique,all,unique,1,10000
stk1,28,unique,all,unique,1,10000
stk1,29,unique,all,unique,1,10000
stk1,30,unique,all,unique,1,10000
stk1,31,unique,all,unique,1,10000
stk1,32,unique,all,unique,1,10000
stk1,33,unique,all,unique,1,10000
stk1,34,unique,all,unique,1,10000
stk1,35,unique,all,unique,1,10000
stk1,36,unique,all,unique,1,10000
stk1,37,unique,all,unique,1,10000
stk1,38,unique,all,unique,1,10000
stk1,39,unique,all,unique,1,10000
stk1,40,unique,all,unique,1,10000
stk1,41,unique,all,unique,1,10000
stk1,42,unique,all,unique,1,10000
stk1,43,unique,all,unique,1,10000
stk1,44,unique,all,unique,1,10000
stk1,45,unique,all,unique,1,10000
stk1,46,unique,all,unique,1,10000
stk1,47,unique,all,unique,1,10000
stk1,48,unique,all,unique,1,10000
stk1,49,unique,all,unique,1,10000
stk1,50,unique,all,unique,1,10000
stk1,51,unique,all,unique,1,10000
stk1,52,unique,all,unique,1,10000
stk1,53,unique,all,unique,1,10000
stk1,54,unique,all,unique,1,10000
stk1,55,unique,all,unique,1,10000
stk1,56,unique,all,unique,1,10000
stk1,57,unique,all,unique,1,10000
stk1,58,unique,all,unique,1,10000
stk1,59,unique,all,unique,1,10000
stk1,60,unique,all,unique,1,10000
stk1,61,unique,all,unique,1,10000
stk1,62,unique,all,unique,1,10000
stk1,63,unique,all,unique,1,10000
stk1,64,unique,all,unique,1,10000
stk1,65,unique,all,unique,1,10000
stk1,66,unique,all,unique,1,10000
stk1,67,unique,all,unique,1,10000
stk1,68,unique,all,unique,1,10000
stk1,69,unique,all,unique,1,10000
stk1,70,unique,all,unique,1,10000
stk1,71,unique,all,unique,1,10000
stk1,72,unique,all,unique,1,10000
stk1,73,unique,all,unique,1,10000
stk1,74,unique,all,unique,1,10000
stk1,75,unique,all,unique,1,10000
stk1,76,unique,all,unique,1,10000
stk1,77,unique,all,unique,1,10000
stk1,78,unique,all,unique,1,10000
stk1,79,unique,all,unique,1,10000
stk1,80,unique,all,unique,1,10000
stk1,81,unique,all,unique,1,10000
stk1,82,unique,all,unique,1,10000
stk1,83,unique,all,unique,1,10000
stk1,84,unique,all,unique,1,10000
stk1,85,unique,all,unique,1,10000
stk1,86,unique,all,unique,1,10000
stk1,87,unique,all,unique,1,10000
stk1,88,unique,all,unique,1,10000
stk1,89,unique,all,unique,1,10000
stk1,90,unique,all,unique,1,10000
stk1,91,unique,all,unique,1,10000
stk1,92,unique,all,unique,1,10000
stk1,93,unique,all,unique,1,10000
stk1,94,unique,all,unique,1,10000
stk1,95,unique,all,unique,1,10000
stk1,96,unique,all,unique,1,10000
stk1,97,unique,all,unique,1,10000
stk1,98,unique,all,unique,1,10000
stk1,99,unique,all,unique,1,10000
stk1,100,unique,all,unique,1,10000
